Архив,Наименование
Архивный отдел администрации Копейского городского округа Челябинской области,Управление культуры администрации г.Копейска Челябинской области
Архивный отдел администрации Копейского городского округа Челябинской области,Управление образования администрации г.Копейска Челябинской области
Архивный отдел администрации Копейского городского округа Челябинской области,"Управление рабочего снабжения треста""Челябинскуголь""г.Копейска Челябинской области"""
Архивный отдел администрации Копейского городского округа Челябинской области,Управление социальной защиты населения администрации Копейского городского округа Челябинской области
Архивный отдел администрации Копейского городского округа Челябинской области,Уральский производственноторговый центр
Архивный отдел администрации Копейского городского округа Челябинской области,Фабрика ремонта и индивидуального пошива одежды г.Копейска Челябинской области
Архивный отдел администрации Копейского городского округа Челябинской области,Финансовое управление администрации Копейского городского округа Челябинской области
Архивный отдел администрации Копейского городского округа Челябинской области,Финансовый отдел Горняцкого райисполкома г.Копейска Челябинской области
Архивный отдел администрации Копейского городского округа Челябинской области,Финансовый отдел Кировского райисполкома г.Копейска Челябинской области
